{
	"data": [{
		"test_id": "1",
		"test_name": "TVS Apache",
		"test_description": "RTR series 2012 full features",
		"video_path": "media/tvs.mp4",
		"test_image": "assets/images/img3.jpg",
		"no_of_questions": 6,
		"feedback_questions":1,
		"question": [{
				"question_id": "01",

				"question_title": "What are the two key elements in the video so far?",
				"question_type": "radio",
				"marks_assigned": 1,
				"Pause_time": 8,
				"num_of_box": "3",
				"wait_time": "30",
				"type_options": [{
						"name": "Racing Design",
						"id": "01"
					}, {
						"name": "Day light running LED's",
						"id": "02"
					}, {
						"name": "Color Scheme ",
						"id": "03"
					}


				],
				"answers": [
					"01"


				]
			}, {
				"question_id": "02",
				"question_title": "The new seat cowels are leaner and aggressively angled to?",
				"question_type": "radio",
				"marks_assigned": 1,
				"Pause_time": 14,
				"num_of_box": "3",
				"wait_time": "30",
				"type_options": [{
						"name": "Give a racey feel",
						"id": "04"
					}, {
						"name": "Give international Standard",
						"id": "05"
					}, {
						"name": "Both",
						"id": "06"
					}


				],
				"answers": [
					"06"

				]
			}, {
				"question_id": "03",
				"question_title": "Which aspect of the bike reduces eninge heat by a massive 10 degrees?",
				"question_type": "radio",
				"marks_assigned": 1,
				"Pause_time": 19,
				"num_of_box": "3",
				"wait_time": "30",
				"type_options": [{
						"name": "Intellegent aerodynamics of tank cowel ",
						"id": "07"
					}, {
						"name": "Liquid colling ",
						"id": "08"
					}, {
						"name": "Roto Petal Disc Brakes ",
						"id": "09"
					}


				],
				"answers": [
					"07"
				]
			}, {
				"question_id": "04",
				"question_title": "Apache's international racing asesthetic has?",
				"question_type": "radio",
				"marks_assigned": 1,
				"Pause_time": 25,
				"num_of_box": "3",
				"wait_time": "30",
				"type_options": [{
						"name": " Forceful weighted front and a lighter back",
						"id": "10"
					}, {
						"name": "A lighter front and a heavier back for grip",
						"id": "11"
					}, {
						"name": "equally distributed weight",
						"id": "12"
					}


				],
				"answers": [
					"10"
				]
			}, {
				"question_id": "05",
				"question_title": "Apache RTR 160 has a break horse power of?",
				"question_type": "radio",
				"marks_assigned": 1,
				"Pause_time": 30,
				"num_of_box": "3",
				"wait_time": "30",
				"type_options": [{
						"name": "11.2",
						"id": "13"
					}, {
						"name": "15.2",
						"id": "14"
					}, {
						"name": "15.9",
						"id": "15"
					}


				],
				"answers": [
					"14"
				]
			}, {
				"question_id": "06",
				"question_title": "Apache RTR 180 has a power to weight ratio of?",
				"question_type": "radio",
				"marks_assigned": 1,
				"Pause_time": 35,
				"num_of_box": "3",
				"wait_time": "30",
				"type_options": [{
						"name": "116.07 bhp per tonne",
						"id": "16"
					}, {
						"name": "90.04 bhp per tonne",
						"id": "17"
					}, {
						"name": "128.04 bhp per tonne",
						"id": "18"
					}


				],
				"answers": [
					"18"
				]
			}, {
				"question_id": "07",
				"question_title": "Did You Like the Video?",
				"question_type": "radio",
				"marks_assigned": 0,
				"Pause_time": 39,
				"num_of_box": "2",
				"wait_time": "30",
				"type_options": [{
						"name": "Yes",
						"id": "19"
					}, {
						"name": "No",
						"id": "20"
					}


				],
				"answers": [
					"19"
				]
			}

		]


	}, {
		"test_id": "2",
		"test_name": "Life Insurance",
		"test_description": "What Is Life Insurance?",
		"video_path": "media/insur.mp4",
		"test_image": "assets/images/img4.jpg",
		"no_of_questions": 0,
		"feedback_question":1,
		"question": [{
				"question_id": "08",

				"question_title": "Did You Like the Video?",
				"question_type": "radio",
				"marks_assigned": 0,
				"Pause_time": 5,
				"num_of_box": "2",
				"wait_time": "30",
				"type_options": [{
						"name": "Yes",
						"id": "21"
					}, {
						"name": "No",
						"id": "22"
					}

				],
				"answers": [
					"21"


				]
			}


		]


	}]
}