{
	"data":[
	{
	"test_id": "01",
	"test_name": "Test Name",
	"test_description": "Test Description",
	"video_path": "media/simple.mp4",
	
	"question": [{
		"question_id": "01",
		
		"question_title": "Divide 50 by half and add 20",
		"question_type": "radio",
		"marks_assigned": 1,
		"Pause_time": 40,
		"num_of_box": "3",
		"wait_time": "1",
		"type_options": [{
			"name": "100",
			"id": "17"
			}, {
			"name": "120",
			"id": "18"
			}, {
			"name": "150",
			"id": "19"
		}
		
		
		],
		"answers": [
			18
			
			
		]
		}, {
		"question_id": "02",
		"question_title": "",
		"question_type": "radio",
		"marks_assigned": 1,
		"Pause_time": 80,
		"num_of_box": "3",
		"wait_time": "2",
		"type_options": [{
			"name": "$0.05",
			"id": "27"
			}, {
			"name": "$0.55",
			"id": "28"
			}, {
			"name": "$0.06",
			"id": "29"
		}
		
		
		],
		"answers": [
			27
			
		]
		}, {
		"question_id": "03",
		"question_title": "",
		"question_type": "radio",
		"marks_assigned": 1,
		"Pause_time": 115,
		"num_of_box": "3",
		"wait_time": "3",
		"type_options": [{
			"name": "4=2",
			"id": "37"
			}, {
			"name": "5=1",
			"id": "38"
			}, {
			"name": "5=2",
			"id": "39"
		}
		
		
		],
		"answers": [
			38
		]
		}, {
		"question_id": "04",
		"question_title": "",
		"question_type": "radio",
		"marks_assigned": 1,
		"Pause_time": 153,
		"num_of_box": "3",
		"wait_time": "4",
		"type_options": [{
			"name": "43",
			"id": "47"
			}, {
			"name": "42",
			"id": "48"
			}, {
			"name": "44",
			"id": "49"
		}
		
		
		],
		"answers": [
			48
		]
	}, {
		"question_id": "05",
		"question_title": "DID u Like it",
		"question_type": "radio",
		"marks_assigned": 1,
		"Pause_time": 175,
		"num_of_box": "3",
		"wait_time": "null",
		"type_options": [{
			"name": "yes",
			"id": "57"
			}, {
			"name": "no",
			"id": "58"
			}, {
			"name": "may be",
			"id": "59"
		}
		
		
		],
		"answers": [
			57
		]
		}
	
		]
	
	},
	{
	"test_id": "02",
	"test_thumbnail":'image src',
	"test_name": "Test Name",
	"test_description": "Test Description",
	"video_path": "media/simple.mp4",
	
	"02":{
		"question": [{
		"question_id": "01",
		
		"question_title": "Divide 50 by half and add 20",
		"question_type": "radio",
		"marks_assigned": 1,
		"Pause_time": 40,
		"num_of_box": "3",
		"wait_time": "1",
		"type_options": [{
			"name": "100",
			"id": "17"
			}, {
			"name": "120",
			"id": "18"
			}, {
			"name": "150",
			"id": "19"
		}
		
		
		],
		"answers": [
			18
			
			
		]
		}, {
		"question_id": "02",
		"question_title": "",
		"question_type": "radio",
		"marks_assigned": 1,
		"Pause_time": 80,
		"num_of_box": "3",
		"wait_time": "2",
		"type_options": [{
			"name": "$0.05",
			"id": "27"
			}, {
			"name": "$0.55",
			"id": "28"
			}, {
			"name": "$0.06",
			"id": "29"
		}
		
		
		],
		"answers": [
			27
			
		]
		}, {
		"question_id": "03",
		"question_title": "",
		"question_type": "radio",
		"marks_assigned": 1,
		"Pause_time": 115,
		"num_of_box": "3",
		"wait_time": "3",
		"type_options": [{
			"name": "4=2",
			"id": "37"
			}, {
			"name": "5=1",
			"id": "38"
			}, {
			"name": "5=2",
			"id": "39"
		}
		
		
		],
		"answers": [
			38
		]
		}, {
		"question_id": "04",
		"question_title": "",
		"question_type": "radio",
		"marks_assigned": 1,
		"Pause_time": 153,
		"num_of_box": "3",
		"wait_time": "4",
		"type_options": [{
			"name": "43",
			"id": "47"
			}, {
			"name": "42",
			"id": "48"
			}, {
			"name": "44",
			"id": "49"
		}
		
		
		],
		"answers": [
			48
		]
	}, {
		"question_id": "05",
		"question_title": "DID u Like it",
		"question_type": "radio",
		"marks_assigned": 1,
		"Pause_time": 175,
		"num_of_box": "3",
		"wait_time": "null",
		"type_options": [{
			"name": "yes",
			"id": "57"
			}, {
			"name": "no",
			"id": "58"
			}, {
			"name": "may be",
			"id": "59"
		}
		
		
		],
		"answers": [
			57
		]
		}
	
		]
	}
	
	}
	]
}